,portfolio_value,daily_return,portfolio_normalized,benchmark_IPC
2024-03-26,58380.39787651358,0.0076157050342728,100.0,100.0
2024-03-27,58257.49392781333,-0.0006339720365807,99.7894773705376,100.27847113719449
2024-03-28,58467.65751011281,0.000599844381715,100.14946734995502,100.27847113719449
2024-04-01,58373.03328605772,-0.0016184028586868,99.98738516569988,100.77527282271508
2024-04-02,58237.14006576289,-0.0047631926610982,99.7546131647583,100.6504305739787
2024-04-03,58106.62153729885,0.0011580271564703,99.53104749338328,100.51335946572104
2024-04-04,57772.31565658458,-0.0034385396861285,98.95841371068552,101.1764831998617
2024-04-05,57502.44284007008,-0.0015549785115394,98.49614756257648,101.54299393206855
2024-04-08,57639.191206027455,-0.0005356648114005,98.73038434569436,101.36382850837342
2024-04-09,57086.64666991598,-0.0104658847728081,97.78392876092734,100.6317970967964
2024-04-10,56648.249063845215,-0.0086741487482324,97.03299587588934,98.99814163668572
2024-04-11,56600.40810038346,0.0032827588598052,96.9510489121791,99.33686260995816
2024-04-12,56554.72592289208,-0.0041130217306113,96.87279974096242,98.87470594577256
2024-04-15,55811.71118975602,-0.0053257216624916,95.60008704943932,97.85753248926665
2024-04-16,55412.769932303214,-0.0021146097899186,94.91673909025508,97.53110182707084
2024-04-17,55278.64429257839,-0.0016593427530922,94.68699478462612,96.86415444059524
2024-04-18,55070.60656461848,0.0002281990270787,94.3306461889897,97.43003450231716
2024-04-19,54849.99425366992,-0.0026288741364208,93.95275854352488,97.64577042941596
2024-04-22,54962.70097142105,0.0053460997664775,94.14581429828269,98.85019360312522
2024-04-23,55528.07197295738,0.0042345961909948,95.11424038323712,98.99326647995863
2024-04-24,55616.31646949332,-0.0035646935985431,95.26539470856837,98.69653057491414
2024-04-25,55975.78488332173,0.0083396442980263,95.88112948754116,99.75892554823152
2024-04-26,55966.373451664695,0.0019937242768073,95.8650086113578,101.0909904304224
2024-04-29,56319.87381957418,0.0008216743559898,96.4705207023463,101.08051635420485
2024-04-30,55919.30248184456,-0.011549268289255,95.78438057261148,99.15797713223752
2024-05-01,55496.13587190879,0.0006634518108783,95.05953691733038,99.15797713223752
2024-05-02,55567.349017025736,0.001283209073895,95.18151817766297,99.06895431233902
2024-05-03,56367.5443795299,0.0068584182447841,96.55217578125918,99.86988657340189
2024-05-06,56849.77903095172,0.0042730964397823,97.37819730382888,100.1280377296163
2024-05-07,56736.65775776741,-0.0001143346174073,97.18443145553236,99.8227941981265
2024-05-08,56665.64177346501,-0.0002800815298327,97.0627879126901,99.77503951164314
2024-05-09,56832.7851210723,0.0043408425228832,97.3490883725822,101.11236191579458
2024-05-10,56497.49303052022,-0.0086934840006336,96.77476530739636,100.88855535108878
2024-05-13,56619.39034803582,0.0043881688644691,96.98356367456992,100.91142215764197
2024-05-14,56386.468455194445,-0.0047887090224879,96.58459090063636,100.0385232972747
2024-05-15,56775.14454504149,0.0045330161102477,97.25035561616498,100.4281602981575
2024-05-16,56779.10294491648,-0.0016730069689662,97.25713597398878,100.44131093100953
2024-05-17,56548.03697363191,0.0002619540921726,96.86134221497171,100.6526496579231
2024-05-20,56533.48879094552,-0.0014036879202856,96.83642257890284,100.32089319426076
2024-05-21,56350.83178763563,-0.0056604638676932,96.5235487206324,99.21520218620051
2024-05-22,56265.48989409445,-0.0006380370782786,96.37736627473387,98.64067111107076
2024-05-23,56265.89849000675,-0.0010543387122354,96.37806616018716,97.74282974716849
2024-05-24,56191.5298304254,0.0036812640758259,96.25067980742767,96.85966164910164
2024-05-27,55854.2887164657,-0.0017111876216792,95.67301825281986,96.92915653028952
2024-05-28,55820.58453657764,-0.0006034304735157,95.61528623811289,96.46082739876316
2024-05-29,55659.26282079119,-0.0037698608675015,95.3389576729536,96.50923074055338
2024-05-30,55897.97252536204,0.0038022392634322,95.74784441106009,96.75380110302812
2024-05-31,55816.11441144705,-0.0004814238585438,95.60762934420126,96.4508449349887
2024-06-03,55779.90985923076,0.0015700606966091,95.54561443246176,90.55728572030408
2024-06-04,54228.97703711685,0.0009620066216085,92.88901585052945,93.49047770595608
2024-06-05,55670.58314175498,0.0141333017026881,95.35834829270875,95.10714522497858
2024-06-06,56060.77430646015,0.0022254620308477,96.02670818557984,95.22380076094778
2024-06-07,55004.12534573559,-0.0158873707140211,94.21677026264965,92.60199063437328
2024-06-10,54911.89099116926,0.0027680949222339,94.05878169470355,92.85589480531566
2024-06-11,60425.333107112296,-0.0017058910457485,103.5027771392106,92.8759621521236
2024-06-12,60295.0605402259,-0.0017229124822559,103.27963277633395,92.59949160445436
2024-06-13,60430.16110676188,-0.0015453623181226,103.51104703771284,91.3754995243308
2024-06-14,60017.11096882335,-0.0016721232245997,102.80353192482816,91.28336998691016
2024-06-17,59765.44578410631,0.0003097464956949,102.37245369673975,91.5879648630931
2024-06-18,60211.42247750912,0.0042084176389132,103.13636882857244,92.97593017683091
2024-06-19,60222.45818066992,-0.0001803432329675,103.1552719254375,93.2068719499118
2024-06-20,60233.44580001068,0.000182450528801,103.17409265934889,93.22375747174102
2024-06-21,60309.85000196003,-0.001801443716023,103.3049657001784,92.27194115836043
2024-06-24,60725.451839296366,0.0016861314239604,104.01685162842338,91.79022241571116
2024-06-25,60755.16340506468,0.0020173718270297,104.06774467959984,91.94953215906696
2024-06-26,60555.59918204332,-0.0014961858164143,103.72591038199282,91.71174195153615
2024-06-27,60738.07531975316,0.0016349478621389,104.03847443490628,91.437224197738
2024-06-28,60994.65362117179,0.0011145621725605,104.47796835881094,91.6628128575499
2024-07-01,61027.105863559234,0.0033420830182997,104.53355592513086,92.43881627097896
2024-07-02,60540.57775529939,-0.0091318528985527,103.70018012442296,90.8025935014434
2024-07-03,60766.6057645444,0.0019034207129957,104.08734433958146,92.28550829619896
2024-07-04,61118.95496150538,-0.0002877093541326,104.69088458558366,92.03832965659574
2024-07-05,60619.451441591424,-0.0081726449712459,103.83528315414,91.47602744098722
2024-07-08,60952.43687417599,0.0036332170703885,104.4056551363401,92.48028241496144
2024-07-09,60887.15539433865,-0.0010044442495875,104.29383424745986,93.22162032320377
2024-07-10,60781.563195807554,0.0026207843165975,104.112964979055,94.87880490107564
2024-07-11,61291.28000756705,-0.001140801830527,104.98606079597226,95.12825724822802
2024-07-12,61642.725215481485,0.0035621466000539,105.5880525957846,96.05558170281304
2024-07-15,62208.83140541701,0.0008998670324322,106.55773798767412,94.93493065499231
2024-07-16,61888.20924759935,0.0031738624719233,106.00854310466588,95.0506507617296
2024-07-17,61545.07837305011,-0.0052536349329432,105.42079295730473,93.9434780883896
2024-07-18,60779.75850825633,-0.0060748307425732,104.10987372305664,92.7167957957304
2024-07-19,60875.74808424651,0.0079224748107535,104.27429462370417,93.82765556239336
2024-07-22,61052.2288529023,0.0033985167096615,104.57658918673386,94.40168819712947
2024-07-23,61421.0550133237,-0.0019449730205174,105.20835288454478,93.87872863286746
2024-07-24,60338.40540052109,-0.0117883722757247,103.35387834825842,92.93600714968365
2024-07-25,59352.11291186409,-0.0087459477547926,101.66445428721792,92.52254742916396
2024-07-26,59444.19748526634,0.004515975085557,101.82218629445264,92.32626433331924
2024-07-29,59662.1820068477,-0.001255160804878,102.19557278976646,91.7952409594008
2024-07-30,59739.6856753839,0.0037511122470017,102.32832911098944,91.4625012708523
2024-07-31,60028.80312665928,0.0074970178446533,102.82355946534042,92.88082365294947
2024-08-01,60101.02494559739,-0.0075296517543604,102.94726848680148,91.62341558259864
2024-08-02,59666.43052564131,0.0010304325091929,102.20285009336176,91.3173458690865
2024-08-05,58288.15547447809,-0.0117299986233434,99.84199764751416,90.50297620124648
2024-08-06,58207.37096374328,0.002828646995902,99.70362155952364,91.59221184836514
2024-08-07,58380.889287949554,-0.0008666789831862,100.00084174047086,92.08385843118413
2024-08-08,58920.04654347312,0.00905602873979,100.92436620267816,92.4258499927931
2024-08-09,59137.27008250917,0.0004258602883759,101.29644920816834,92.73172169573792
2024-08-12,59187.011852681375,0.0003324106668696,101.3816520707412,92.71216644522484
2024-08-13,59581.38663408584,0.0059712692771922,102.05717809616952,93.82010384903184
2024-08-14,59845.068933708215,-0.000812252269459,102.50884048493933,93.89832485108413
2024-08-15,60381.49699293737,0.0068575373988819,103.42769009669396,94.85266067823537
2024-08-16,60855.62758800715,0.001402607050694,104.239830151088,94.53603495309846
2024-08-19,60967.76171597544,0.004525648512839,104.43190511468364,94.5725644887985
2024-08-20,61087.28100320116,-0.0004094757706395,104.63663014495584,94.37395988975044
2024-08-21,61220.94218159912,0.0032090523002414,104.86557887305575,94.15314396740663
2024-08-22,60672.71214889586,-0.0048082104079972,103.92651361717505,93.19433583261362
2024-08-23,61047.05312346859,0.0065959160717268,104.567723660595,93.4997432349178
2024-08-26,60912.25250991659,-0.0019624493377146,104.3368231897946,92.94107348902746
2024-08-27,60526.08044287828,-0.0009698331922793,103.67534762422012,91.72274860790036
2024-08-28,60058.61993106919,-0.0043007937942064,102.8746327801763,91.6625533954272
2024-08-29,60238.89352416963,0.0011458570041023,103.18342408626118,92.88453123012428
2024-08-30,60449.5652756768,0.0025382853522275,103.5442845105988,92.4904355775009
2024-09-02,60494.171990395575,0.0053938300479119,103.62069151764442,91.75608266272047
2024-09-03,60356.5050652112,-0.0022757055870807,103.38488133102052,90.1760061309534
2024-09-04,59834.56019959279,0.0004268964489522,102.4908400353061,90.56396345598904
2024-09-05,59853.850937328025,0.0017735500044582,102.5238832115038,90.30196133563727
2024-09-06,59947.69400828317,-0.0007520062644238,102.68462735571748,89.2915748620259
2024-09-09,59762.26344027123,0.0056400885506511,102.36700264818435,89.38353370068162
2024-09-10,59347.74787011639,-0.008597075819905,101.65697739102252,89.09871939738147
2024-09-11,59646.899060569405,0.0032962743843525,102.16939457441644,89.48790575352477
2024-09-12,59907.14504517558,-0.0002290160954708,102.61517088645296,90.89320723383128
2024-09-13,60329.99391915058,0.0037746854995592,103.33947029062868,90.92313414130292
2024-09-16,60428.26666813754,0.0001154586028859,103.50780204676852,90.92313414130292
2024-09-17,60696.14613454526,0.0044330158910377,103.96665377808824,91.37179877510664
2024-09-18,60936.18791413717,0.0022421356583242,104.37782223243768,91.91254515067683
2024-09-19,60918.67054548862,0.0015616218902718,104.34781666672431,92.49836965609592
2024-09-20,60925.35886320807,-0.0069346765590297,104.3592731109466,91.2266297174396
2024-09-23,61010.487853111525,0.0026120114012826,104.5050908734146,91.63173202642716
2024-09-24,61557.0396974641,0.0099871181387791,105.4412815542466,93.78470775313107
2024-09-25,61732.74816732838,-0.0021302447402038,105.74225324381258,92.97537028488188
2024-09-26,61662.11090326967,0.000755815295004,105.62125841228006,93.67383549131851
2024-09-27,61928.72102023944,-0.0011528253774869,106.07793587024072,92.253888056979
2024-09-30,61895.724408882445,-0.0029962242037671,106.02141585229428,91.72797881805856
2024-10-01,61623.31113116426,-0.0028057409938158,105.55479813876929,91.72797881805856
2024-10-02,61713.32922163436,0.0014607798383066,105.70899045972692,91.24267540134524
2024-10-03,61182.702652107626,-0.0071332889948588,104.80007824119578,90.32478717448684
2024-10-04,63825.10941270837,0.0459819646315191,109.3262665796,91.9597058054582
2024-10-07,63805.99807496744,-0.0045743529559649,109.2935306983178,90.96337125417776
2024-10-08,63523.69489150412,-0.0012570857779335,108.8099725285697,90.4822806829835
2024-10-09,63345.749399712695,-0.0016555979610436,108.50516903584976,90.66494201738492
2024-10-10,63305.66041630734,-0.0009116966281099,108.43650046752283,91.57763417383812
2024-10-11,63755.98134770317,0.0040111500096877,109.2078568607224,91.58527465055744
2024-10-14,63742.36804492008,0.000938161917424,109.18453858390644,90.89470938296289
2024-10-15,63234.91512548908,-0.0038787985620631,108.31532059655328,91.55402312066975
2024-10-16,63632.01055772426,0.0001641599025581,108.99550683487786,91.73902644212632
2024-10-17,63709.28722206016,-0.0012570506266506,109.1278743197644,91.70413561456982
2024-10-18,63779.90760610606,0.0034829679958114,109.24884023746044,92.68956592874504
2024-10-21,63213.15517847935,-0.0044805171578166,108.2780479026334,92.31794788949072
2024-10-22,62836.47140563481,-0.0058906422724941,107.63282487136644,91.53813447962789
2024-10-23,62465.39971994461,-0.0053066127547947,106.99721480499608,91.14211334493582
2024-10-24,62098.65526115432,0.0017883249972483,106.36901686162813,90.53632391196778
2024-10-25,62110.88947061809,-0.00020282906542,106.38997288438364,90.51669355399812
2024-10-28,62167.10628869868,0.0003183085006659,106.48626688052856,90.5725803296439
2024-10-29,62133.6394063136,-0.0044065206541528,106.42894133359437,89.43638886626182
2024-10-30,62121.64239094837,-0.0005314579222481,106.40839160148974,88.93114100585136
2024-10-31,61989.665911274365,-0.0057391310713221,106.182328600081,88.55325490794796
2024-11-01,61658.91812910301,0.0018975405466836,105.61578949757104,88.48567868087817
2024-11-04,61850.93250595433,-0.0005489748239423,105.9446916356782,88.94040653481304
2024-11-05,61867.41459797035,0.0010077798334258,105.97292387220882,88.85121301614952
2024-11-06,62353.24781173674,0.0019954224819727,106.80510938556216,90.42603202595603
2024-11-07,63016.0517603854,0.0033571334115576,107.94042872691134,91.43742903625592
2024-11-08,63126.63948514677,-0.003900514786764,108.12985485071968,90.62304571251474
2024-11-11,63193.51888655877,0.0046707264015546,108.24441282539031,89.9313060374173
2024-11-12,62675.66841360698,-0.0053926779064555,107.35738483005676,89.31464650709702
2024-11-13,62065.90486425962,-0.0063387417842963,106.31291858534716,88.7045896050051
2024-11-14,61709.20090197439,-0.0024909833469239,105.70191904567336,88.36492637455011
2024-11-15,61526.723828758586,-0.000339544979434,105.38935339032824,88.21825516775148
2024-11-18,61360.13179981089,0.0016766282553299,105.10399728621248,88.21825516775148
2024-11-19,61541.09060677333,0.0029491267644734,105.4139622976624,87.78651019552997
2024-11-20,61418.73569287554,-7.407184948116097e-05,105.20438011194896,87.69296044438488
2024-11-21,61192.02129354317,-0.0010502160257191,104.81604017666469,87.70303167151712
2024-11-22,61370.640920932616,0.0028221531759384,105.12199839875022,88.14942259777165
2024-11-25,61672.82330442218,0.0021776547005627,105.63960772393628,87.75990849999961
2024-11-26,61402.104170054,-0.000851518741723,105.17589191483748,86.9115766058845
2024-11-27,61441.573520055135,0.0023679390681656,105.24349911080866,87.02688703558583
2024-11-28,61039.38558754711,-0.0026407188014463,104.5545899098835,87.29510941893255
2024-11-29,61286.56906492505,0.0040495734843761,104.97799140485238,87.0702718336864
2024-12-02,61273.10371122285,3.0638205821276188e-06,104.9549265505657,88.12172160219498
2024-12-03,61779.19459450344,0.0045007812021844,105.82181150114631,88.84517710782077
2024-12-04,61892.38223645223,-7.80873682434402e-05,106.01569103274562,89.58236362209942
2024-12-05,62172.89994353872,0.0001290387910037,106.49619085338722,90.468645265639
2024-12-06,62706.408563156125,0.0039746428578506,107.41003974620544,89.75541120205867
2024-12-09,63054.57214345448,0.006830462492664,108.0064104339058,91.22697794292012
2024-12-10,62605.430732852175,-0.0052211956476629,107.23707444624718,89.80519378986968
2024-12-11,62224.06079534791,-0.0014938119984377,106.58382446615806,89.64251103891843
2024-12-12,62360.36813187349,-0.0024250982045636,106.81730580832688,89.64251103891843
2024-12-13,62290.47872027854,-0.0011207344293919,106.6975919760526,90.22901833939734
2024-12-16,62009.27504082816,-0.0012731598482529,106.2159171508053,88.88253282554321
2024-12-17,62474.57223571471,0.0038323502872175,107.0129264412708,88.27233936443935
2024-12-18,61753.59883904425,-0.0099693580682447,105.77796843670998,87.34260464329319
2024-12-19,60449.78065919605,-0.0057417249590531,103.54465344182758,86.09461231681718
2024-12-20,60518.03517559399,0.0019555342762926,103.66156685605662,86.6744828493147
2024-12-23,60585.29217196619,-0.0021583919681575,103.77677161453474,86.43794898469399
2024-12-24,60286.06533174494,-0.0043182857244501,103.26422485037226,86.20325183878417
2024-12-26,60714.9369235729,0.0021736614328724,103.99884059029084,86.58597895366165
2024-12-27,60408.20529262046,-0.0046292032996483,103.4734388422568,86.15772989214636
2024-12-30,60423.09366204197,-0.0043384648005506,103.49894118544567,85.36615192340295
2024-12-31,60723.39172607707,0.0050176610328198,104.01332285285103,86.54698452779566
2025-01-02,60975.28027561467,0.0060148972497235,104.44478368336884,86.98734637367203
2025-01-03,61501.10861425849,0.0068923807874596,105.34547699442858,85.57506672785419
2025-01-06,60777.32580150577,-0.0075490557635874,104.105706730643,86.51253068907745
2025-01-07,61102.75600176605,0.0015382590402082,104.66313732737966,87.5472178388676
2025-01-08,60604.154023559095,-0.0023763766205782,103.80908015006888,86.7584734696224
2025-01-09,60021.187314241695,-0.001832840672555,102.81051431201054,87.06209194886986
2025-01-10,60077.40413232228,0.0009366162283037,102.90680830815543,86.69281589667072
2025-01-13,59659.77129513171,-0.0019469315448007,102.19144347272908,87.10056062253977
2025-01-14,59665.74096666438,0.0015695785874476,102.2016689452332,87.12508662108829
2025-01-15,59478.23530593293,-2.0273496277534164e-05,101.88048980368632,87.82224086101003
2025-01-16,60301.29837808688,0.0050130636555008,103.29031759193624,87.30713343993585
2025-01-17,60173.64444337309,-0.0017683026414098,103.07165869381808,87.29444710772451
2025-01-20,60536.81793998171,0.001385738744023,103.69373992282374,87.74966657410243
2025-01-21,60781.725061604,0.0040455896090392,104.11324223957791,88.18480503777121
2025-01-22,60718.363242726205,0.0018861385028567,104.00470954507348,89.04884804621267
2025-01-23,61072.54107889766,0.0016265154579941,104.61138207396002,89.24170351085709
2025-01-24,61159.910008405895,0.0005288622479386,104.76103663728284,89.77028247846143
2025-01-27,60899.63239573018,-0.0085991412681264,104.31520614940872,90.3473535512137
2025-01-28,61598.21157752275,0.0029471831778569,105.51180502026638,90.08255879906729
2025-01-29,61750.96665420048,0.0035815145472657,105.77345975753084,90.11720382040222
2025-01-30,61954.67522183122,0.0038555049309807,106.12239291838668,90.98151311891704
2025-01-31,62061.240734323495,-0.0019911982156228,106.30492937988474,89.51197427938322
2025-02-03,61682.37622075798,-0.001767733179997,105.65597094975054,89.51197427938322
2025-02-04,61977.08349682228,0.004777819761832,106.16077613570982,90.7009662847407
2025-02-05,62112.06327223426,-0.0020826003640123,106.3919834935245,90.14239213015875
2025-02-06,62519.89109111305,0.0064710581158673,107.09055327672712,92.07317951644865
2025-02-07,62368.639599692746,-0.0041352759200855,106.83147403622549,92.32306885243932
2025-02-10,62738.30980865422,0.0042575092861356,107.4646835079105,92.51599259658973
2025-02-11,62883.3379730664,-0.0018110485680697,107.71310278850352,93.43108136370287
2025-02-12,63081.74616862857,0.0049148311940112,108.05295692238909,94.50446250953269
2025-02-13,63298.41066803956,0.0044312143241074,108.42408234683252,94.66945310778608
2025-02-14,63369.10525160659,-0.0001783459621382,108.54517536116342,94.52582716695426
2025-02-17,63567.84231704938,0.0011892856287454,108.88559281748697,94.89936386032664
2025-02-18,63602.17610187409,0.0005401124778383,108.9444032848245,95.22290629941944
2025-02-19,63414.38143427785,-0.0025544218805167,108.62272910234726,94.5582872440978
2025-02-20,63351.542297875625,-0.0004349731193372,108.51509171259336,94.92084459290837
2025-02-21,62887.32941993261,-0.0071270253430235,107.71993975264114,93.93293573266608
2025-02-24,62759.00916988492,-0.0048096697516966,107.50013952051678,93.87297949846382
2025-02-25,62598.522505388726,-0.002565583754157,107.225241317809,92.7296050310525
2025-02-26,62109.26597788835,0.0011984656829906,106.38719199766687,93.16027118707952
2025-02-27,65790.98422309906,0.0619857572144002,112.69362083187644,91.95575242206186
2025-02-28,65260.18376853161,-0.0017939965715251,111.78441076501426,91.46304067894955
2025-03-03,65029.934467335486,-0.0060654513018281,111.39001588321996,91.03629376656586
2025-03-04,64585.82060792354,-0.0026758326796497,110.62929160663772,91.56614956093205
2025-03-05,63330.96616187878,-0.0180835766255033,108.47984677294708,92.13367515874816
2025-03-06,63358.830579347865,-0.007105904265392,108.52757583695248,92.32076100513714
2025-03-07,63278.875335337856,-0.0006553562098802,108.39062020300985,92.3613122037395
2025-03-10,62854.80364832806,-0.0086046123124232,107.66422623785256,90.41627488455131
2025-03-11,62233.44159592317,0.0013703893525749,106.5998928742479,90.03836830279613
2025-03-12,62634.44261574163,0.0054948133423238,107.28676900802598,90.96536501575244
2025-03-13,62679.39412097362,-0.0015184845402967,107.3637666080202,90.6788915204569
2025-03-14,63020.32701652317,0.0108331026419317,107.94775182900258,91.74018036577742
2025-03-17,63645.468526829536,0.0026425937709437,109.0185590400611,91.74018036577742
2025-03-18,63389.244785665855,-0.004025797077064,108.57967244373188,92.24540774233608
2025-03-19,64084.34615852565,0.0041051400644709,109.77031416277272,92.74784248710012
2025-03-20,64423.696938323774,0.0014697086020116,110.35158937181792,92.81787677638523
2025-03-21,64050.38319156524,-0.0040798791553267,109.71213887072992,92.06904177838616
2025-03-24,64403.6867413084,0.0060679475152487,110.31731383115152,92.0732682798064
2025-03-25,65688.31228959037,0.0240569490060145,112.51775369625692,92.99692612492022
2025-03-26,65388.01782235669,-0.0059555001063833,112.00337818982608,92.30408714977648
2025-03-27,66681.23385055097,0.0202575879333202,114.2185327198272,93.47669890164904
2025-03-28,66567.99385798085,-0.0014864823473815,114.02456351665452,92.94397536803169
2025-03-31,65610.0757363816,-0.0065050864002956,112.38374201416072,91.74043982790012
2025-04-01,65470.64077914764,-0.0002086461621887,112.14490335888316,93.23226509818626
2025-04-02,65870.73467661328,0.0032044666988242,112.83022567941948,94.04162305028724
2025-04-03,65255.12191003254,-0.0150290496384711,111.7757402888216,94.54564870754064
2025-04-04,63068.94771571182,-0.01894845057505,108.03103440493072,89.93707565567274
2025-04-07,61401.54657368107,-0.0034908074061916,105.17493680594268,88.19889109985515
2025-04-08,59569.02380426209,-0.0200136257815415,102.03600175912246,87.95115256830289
2025-04-09,61231.46514994255,0.0341623326841911,104.8836037045509,91.81602524102152
2025-04-10,62360.24921054488,-0.0103347510780102,106.81710210754214,90.04560593043014
2025-04-11,63211.11531777791,0.0162099603627394,108.27455381767402,90.01777520379213
2025-04-14,64613.47382792799,0.0140007163406783,110.6766589097228,91.5777434210477
2025-04-15,64373.09988441611,-0.0058590227168071,110.26492149056315,92.01768193398698
2025-04-16,63949.68924610932,-0.0050868107319662,109.53965983818048,92.67409379268965
2025-04-17,64083.88536451352,0.0020984639641914,109.76952486700068,92.67409379268965
2025-04-18,64083.88536451352,0.0,109.76952486700068,92.67409379268965
2025-04-21,63441.74200818985,-0.0100203561733361,108.66959513085546,93.96789483972852
2025-04-22,63697.83896183708,0.0092693548211262,109.1082645523776,95.74921838742516
2025-04-23,64736.95816134842,0.0248727936038068,110.8881756823245,97.47748875897425
2025-04-24,65510.785301528296,0.0069915534969979,112.2136670601268,98.55321871980978
2025-04-25,65546.13314378832,0.0022985074442116,112.2742145102055,99.14423929563408
2025-04-28,65985.78234542681,-0.0115002564577039,113.02729125793245,99.5987213433474
2025-04-29,66044.35258734463,0.0006584675357232,113.12761644249474,97.20979212782358
2025-04-30,65145.75051864983,0.0044154899306663,111.58839762696778,98.33871182381866
2025-05-01,65241.3202872545,0.0029893643084095,111.752099437988,98.33871182381866
2025-05-02,65028.7607210711,-0.0032580512663985,111.38800536889136,97.5568636846776
2025-05-05,65266.26594301913,-0.0020014352175763,111.79482894424692,97.59881461315256
2025-05-06,65108.724678120816,-0.0009983926085961,111.52497592743202,100.24493907180702
2025-05-07,66017.7511660237,-0.0001927295966761,113.08205076927476,101.30168732997976
2025-05-08,66440.33001560207,0.0028710492435914,113.80588764766024,99.4005605610882
2025-05-09,66066.50333101892,0.0011785566087112,113.16555853347046,98.84893726021518
2025-05-12,67037.24472852855,0.0106267145247962,114.82834507282044,99.22369615674464
2025-05-13,67198.93908650716,0.0034872855556826,115.10531193817243,100.25841744628777
2025-05-14,67470.27843015098,2.752847621856347e-06,115.57009010603927,100.7607839115458
2025-05-15,67840.32680614248,0.0020575952551729,116.20394734143224,101.31100065459562
2025-05-16,68459.5381104332,0.0096467525483827,117.2645966806171,101.35893286779456
2025-05-19,69017.19824831231,0.0053444661249075,118.2198147986208,102.24383526531332
2025-05-20,69032.49137947074,-0.0003981648977264,118.24601045968974,101.92528405810776
2025-05-21,68502.65721344588,-0.0042641538843312,117.33845555205522,102.37426960558956
2025-05-22,68899.29422099896,-0.0047241588569362,118.01785655304197,101.19756108335817
2025-05-23,68831.52956286109,-0.0012783478651409,117.901782218843,102.09872083125109
2025-05-26,69013.13549724902,0.0005533723249171,118.2128556972596,102.18400193422184
2025-05-27,68981.9526531125,-0.0004518392609152,118.15944248791068,102.41939553109268
2025-05-28,69766.103824439,0.005123404048428,119.50261793694604,102.667659814841
2025-05-29,69561.51549268237,0.0007477659479084,119.1521778248568,102.45537200279428
2025-05-30,69214.3925335049,-0.0015541297744909,118.55758962093309,101.10469412727284
2025-06-02,69385.20560136698,0.0036838265572065,118.85017595825708,100.86660348991576
2025-06-03,68737.08279266812,-0.0071658565285636,117.74000399596632,100.7505215017968
2025-06-04,69043.57758794002,0.002941336653977,118.26500006728496,100.48037363638149
2025-06-05,68793.9852800464,-0.0050262970357005,117.8374724775937,100.99246993124189
2025-06-06,68887.08532904528,0.0026575052720807,117.99694389674336,101.48875269251698
2025-06-09,69366.07435888163,0.0018230288348193,118.81740598206436,101.05520514133757
2025-06-10,65120.189372197005,-0.0632400723043581,111.54461384442678,101.55360456729812
2025-06-11,61922.71031767706,-0.0506438871378033,106.06764011553362,100.9747104317361
2025-06-12,61742.40937471329,-0.0016246773232371,105.7588019617664,101.08380059844256
2025-06-13,61546.77672724138,-0.0039996804030604,105.42370207449652,100.40005645349557
2025-06-16,61479.709050541656,0.0049180070895777,105.3088216023874,99.7153495675142
2025-06-17,61121.92245133073,-0.0050560951021977,104.69596760990912,99.06855146325373
2025-06-18,60906.455302830254,0.0010393126222323,104.32689313228012,99.16075610813098
2025-06-19,61022.25736382944,0.0041473258336224,104.52525091196524,98.00464068490356
2025-06-20,60846.63088181668,-0.0028780725197632,104.22441965969414,98.34816853539708
2025-06-23,60525.1560609576,-0.002358864696819,103.67376424700052,98.02543862242548
2025-06-24,60936.36044169062,0.0056896540228581,104.37811775552372,99.18472221473044
2025-06-25,61020.31252982185,-0.0063416917697958,104.52191959858207,99.51667668896016
2025-06-26,61250.18535389008,0.0044716975735703,104.91566961130803,100.46232053499998
2025-06-27,61432.20900339653,-0.0028820078636719,105.22745859550008,100.31780013263976
2025-06-30,61592.721132145896,0.0002529586833499,105.50240041602154,100.4215713258303
2025-07-01,61693.73517893889,6.931050423086837e-05,105.6754277513382,101.05597669975512
2025-07-02,62027.85019390808,0.0033595748989547,106.24773459939344,101.98745937625444
2025-07-03,62494.83891829356,0.0034056725858202,107.04764131700996,101.19086286382137
2025-07-04,62088.03684170268,-0.0011159033234632,106.3508285315758,101.3425389584084
2025-07-07,62055.98697697176,-0.000516200323947,106.29593019943576,100.3735366933724
2025-07-08,61372.94785596317,-0.0069140778422533,105.12594995631828,99.95389084961076
2025-07-09,60863.6590209953,-0.0078802234347965,104.25358722243432,99.087287359695
2025-07-10,61078.90525262299,0.0002057690851717,104.6222832907328,99.17880920951244
2025-07-11,60884.7909927526,-0.0014820913723182,104.2897842552158,98.92317073911816
2025-07-14,61173.219843822975,0.0031068753786582,104.78383510372228,98.5194340202502
2025-07-15,61399.810786173926,0.0021806620290723,105.1719635690853,98.7296051676115
2025-07-16,61261.70280445,-0.0010798088276489,104.93539789507938,98.76478959704372
2025-07-17,61621.03006898644,0.0033956758954587,105.5508908989066,99.13515129338796
2025-07-18,61909.06028989846,-0.0024160038068103,106.04425893233667,98.36347680063813
2025-07-21,61852.02800502247,-0.0017024174709803,105.94656812009416,97.60810062596602
2025-07-22,61988.11083152342,0.0004703240397294,106.17966489820932,97.04265072513178
2025-07-23,62868.495501981895,0.0130843575264469,107.68767906474628,98.72259286234724
2025-07-24,63268.37883776807,0.0028173627144245,108.37264071340104,99.69620399403702
2025-07-25,63370.1274702365,0.0016025542370903,108.546926323245,100.19829051332054
2025-07-28,63109.16172951866,-0.002927166213982,108.09991713829592,99.77951181928488
2025-07-29,62955.98728264326,-0.0004939596151876,107.83754406026485,101.06814410772104
2025-07-30,62688.64452476167,-0.0017327630424691,107.3796116589697,100.32538598575432
2025-07-31,62465.32194430296,-0.0006417387585326,106.99708158281108,100.32901845547252
2025-08-01,61795.6985148904,-0.0111505438209594,105.85008112757448,99.45878249583856
2025-08-04,61133.414369816346,-0.0079434399460525,104.71565215969572,99.02212822713696
2025-08-05,61585.99754119872,0.0018125721611812,105.49088355215672,99.7585363550474
2025-08-06,61721.90012237416,0.001946980980241,105.72367158738544,99.90302261765466
2025-08-07,62414.753632568856,0.0062520782454069,106.91046293413204,101.8374151618603
2025-08-08,62432.24853493236,-0.0006575420190498,106.9404300172624,101.50406778570856
2025-08-11,62407.72528565399,-0.0009984302765367,106.89842405264012,101.98073384491526
2025-08-12,62434.12456789039,-0.0005084512554276,106.94364348107264,102.56134862402796
2025-08-13,62878.13317543104,0.0028107909087913,107.70418747133424,102.21618206539088
2025-08-14,62661.70689671168,-0.0060812422232008,107.33347009599684,101.67379015372651
2025-08-15,62825.26589886693,0.000554027371022,107.6136309172732,101.94159603208676
2025-08-18,63072.692253177134,0.0025503023880366,108.03744843703996,101.94023044196707
2025-08-19,63175.79794363301,-0.000854097572385,108.2140585565427,102.19034510032752
2025-08-20,62783.40254624113,-0.0010449701499475,107.54192302532914,101.76852796827572
2025-08-21,62444.45286097223,-0.002512135971225,106.96133485259034,102.54199821203284
2025-08-22,63159.386084209655,0.0054932410338572,108.18594662168046,103.5234956266635
2025-08-25,63598.33790341371,-0.0028071304405702,108.93782882044952,102.24162983727014
2025-08-26,63364.70076760782,-0.0007480742728658,108.53763090418988,101.61283703873694
2025-08-27,63734.70078773437,0.004703214491549,109.17140531064248,102.5132457120641
2025-08-28,63890.160591568914,0.0028573560835074,109.4376929850831,103.39449515601288
2025-08-29,63331.08179449033,-0.0080164201543873,108.48004484047618,102.62046502030668
2025-09-01,63214.304605390505,0.0004234703013066,108.28001676025166,102.89344648522028
2025-09-02,63024.04146482014,-0.0030098114937444,107.9541143212638,104.43662477195495
2025-09-03,63325.91118023045,0.0001831686885398,108.47118807613752,104.2682816499579
2025-09-04,63370.50620568673,0.002912108707729,108.54757506060209,104.64592876959034
2025-09-05,63668.32279698613,0.0028518761672897,109.05770620415709,105.71592325192344
2025-09-08,63884.66021830237,0.0026464381320017,109.4282713753192,106.01307566195445
2025-09-09,63973.15563992345,-0.0021395717309572,109.5798555111592,106.06511147346286
2025-09-10,64254.06315813903,0.0006354114957514,110.06102304072928,105.73240592466736
2025-09-11,65059.26618073366,0.0066240325573578,111.4402582838631,107.5929063875
2025-09-12,65314.87086010673,0.0006333421619846,111.87808448695564,108.02179044842087
2025-09-15,65460.23243659119,0.0046868601773539,112.12707487032358,108.551748662046
2025-09-16,65908.45687587287,0.0021925161283808,112.89484017440694,108.551748662046
2025-09-17,65959.24184771473,0.0007705380196885,112.98182994098798,107.66746078008109
2025-09-18,66204.77760789846,0.0013437639934474,113.40240905506506,107.1915253115884
2025-09-19,66040.24746950975,-0.0002399635375703,113.1205847709334,106.97533873975014
2025-09-22,66315.74077194183,0.0013794928702628,113.5924782702117,108.3804148976869
2025-09-23,66176.39373903812,-0.0046602762390821,113.35379022084544,109.01681403318642
2025-09-24,66043.94886892806,-0.0026418269927064,113.126924911722,108.2088353271063
2025-09-25,65727.05527411202,-0.0043771132261541,112.58411669810494,108.27716262874188
2025-09-26,65803.3530864192,0.0001619236029388,112.71480750372184,108.90997709017736
2025-09-29,65632.06357002676,-0.0038779992080044,112.42140505594348,109.4396963255316
2025-09-30,66047.91714270954,0.0001481769421216,113.13372218259684,109.973607922553
2025-10-01,66021.1491275767,-0.005064037313269,113.08787115021872,108.25038340649596
2025-10-02,66433.44686295243,0.0031003531953164,113.7940974699636,108.75832147944207
2025-10-03,66363.79620853564,-0.0016581100859398,113.67479260574513,108.34601568257352
2025-10-06,66145.82330307335,-0.0045377861522348,113.30142600772474,105.58382971965186
2025-10-07,66233.06985724093,-0.0040859635452797,113.4508709538728,105.25444255484706
2025-10-08,66389.66411183188,0.004301348002154,113.71910183322068,106.43048193791986
2025-10-09,66970.4965766862,0.0011940977930802,114.71401191602432,106.30943602971608
2025-10-10,66017.81036125796,-0.0075144316603682,113.08215216501102,105.87178488022715
2025-10-13,65742.49522268106,0.0110096499560028,112.61056384326088,106.70409157428848
2025-10-14,66517.87258382018,0.0006473372969661,113.9387106002926,106.25055178375771
2025-10-15,66143.43927608691,0.0032042628252801,113.2973423990596,107.7396663576564
2025-10-16,67035.24147162656,0.0088295986932156,114.82491368664483,109.3250960026924
2025-10-17,66173.28391848989,-0.0056612337523633,113.34846339769702,107.9256187642461
2025-10-20,66518.64013376329,0.0070619067881603,113.94002533943626,107.800517053387
2025-10-21,66282.76111024356,-0.002737308821658,113.53598728539858,106.22985626549476
2025-10-22,66153.19634302754,0.0054417324986522,113.31405531520188,107.16399501477672
2025-10-23,65399.89421417392,-0.0042372313886895,112.023721305408,107.52014091797564
2025-10-24,66248.70773526978,0.0074461794314075,113.47765713313444,106.87958356056184
2025-10-27,66665.84429871575,0.0015325057182147,114.19217189942346,108.12904389641642
2025-10-28,67195.04030840969,0.0032296323911238,115.09863370671243,109.76327290437736
2025-10-29,67177.35106319941,0.0001684385520099,115.06833373299918,110.73795602431105
2025-10-30,66534.04506822393,-0.0083556588692695,113.96641250879614,109.92866635171607
2025-10-31,66661.96388630942,0.0082387972226378,114.18552512662389,109.71772364593716
2025-11-03,67451.25108402649,0.0052543193553296,115.5374980943083,109.5162035119837
2025-11-04,66638.7991659465,-0.0094607807564391,114.14584619121835,109.05621130813768
2025-11-05,67089.84919011364,0.0106993579821388,114.91845145012942,110.78280883179026
2025-11-06,67226.52819105129,-0.0028447896272115,115.1525694176478,110.2839587610902
2025-11-07,66584.56228646082,-0.0002118887179199,114.05294363923436,110.77864378192535
2025-11-10,66934.18863859239,0.005337714907966,114.65181991423184,110.28551553382655
2025-11-11,66629.15845620877,-0.0025755098275356,114.12933258376036,112.43070739684862
2025-11-12,66741.73058846116,-0.0029868381322405,114.32215780651838,110.45445268752574
2025-11-13,65367.91109654604,-0.0128790361909335,111.9689373046283,109.29867183387762
2025-11-14,65007.19066625983,-0.0009810912566947,111.35105794202236,108.94766054952848
2025-11-17,64544.54592850338,-0.0054694250752818,110.5585920552104,108.94766054952848
2025-11-18,64438.769415986586,-0.0016388141088475,110.377407074696,108.34604982232648
2025-11-19,64011.34751229023,-0.0023036432197378,109.64527451095358,108.51407885859604
2025-11-20,63106.723454895786,-0.0090692371901094,108.09574060865316,107.80023710741249
2025-11-21,63094.297135056455,0.0035388901800115,108.074455519323,108.15870451381475
2025-11-24,63961.74617552167,0.0099934692230689,109.56031219727858,109.28672974828145
2025-11-25,64474.381300088775,0.0033851521169785,110.43840680302525,110.49622608928512
2025-11-26,64741.30405411645,0.0052906221684556,110.89561977816165,110.54543512924594
2025-11-27,64796.359559098746,-0.0038431212310456,110.98992455679426,109.58758973548724
2025-11-28,65114.36684395099,0.0049077955461711,111.53464041420396,111.16433422736245
2025-12-01,65156.25985752912,-0.0030240567394884,111.60639911250324,111.08453596872197
2025-12-02,65314.96448932016,0.0039751892414587,111.87824486478252,111.55557579663578
2025-12-03,65355.21841419546,0.0017033619913424,111.9471959619649,111.16548815101352
2025-12-04,65447.978907226265,0.0023493851003231,112.10608575443774,111.37072951804296
2025-12-05,65623.73062036677,-0.0008902472598041,112.40713151557188,110.78244012245794
2025-12-08,66091.75232352542,0.0087638616635639,113.20880762635932,111.0441076732304
2025-12-09,66118.30051133365,0.0014568241915897,113.254282115698,111.335456325253
2025-12-10,66475.70443949135,0.0023419400668236,113.86648062951026,110.83679743716972
2025-12-11,66628.29009835179,0.0052610726711139,114.12784517036724,113.1138097144394
2025-12-12,66114.38066899359,-0.0078538413267249,113.24756780321874,113.1138097144394
2025-12-15,65769.65796627983,-0.0052140351195246,112.657091007492,112.43925599099748
2025-12-16,65384.1128428827,-0.0052286721915006,111.99668933600522,110.52473961098302
2025-12-17,64929.14414438931,-0.0053945580078954,111.2173717653101,109.29625473936588
2025-12-18,65010.606204588985,0.0044810374821404,111.35690843029136,111.5323471087009
2025-12-19,65886.53670141865,0.0059731924743808,112.85729302630322,111.81142593349864
2025-12-22,66214.37199427657,0.0032578042505824,113.4188433150686,113.22936595036228
2025-12-23,66363.44735362011,0.0014242437699822,113.67419505086671,114.65784149499892
2025-12-24,66676.37039337047,0.0006736172910211,114.21020208598878,114.69458952511808
2025-12-26,67151.60730239518,0.0055500294503003,115.0242371496585,114.72942572906976
2025-12-29,67003.0162237072,-0.0014189922681339,114.76971493999102,114.22377501957403
2025-12-30,66552.61397354737,-0.0055434131111311,113.99821925557904,112.51011646230498
2025-12-31,66398.4400599058,-0.001861548775744,113.73413418721812,112.408018117011
2026-01-01,66222.74385030939,0.0,113.43318349831044,112.408018117011
2026-01-02,66641.36337211005,0.006321385938748,114.1502384294641,112.11623247615016
2026-01-05,66859.334342693,0.0029523887329383,114.52360171322243,113.64221798327875
2026-01-06,67567.77642829284,0.0025489462165357,115.73709478858372,113.65596947578342
2026-01-07,67430.17926338616,-0.0010783209664935,115.50140409459816,113.39283391563237
2026-01-08,67677.54102292612,0.0064848587973169,115.92511096974346,114.52780317585731
2026-01-09,68035.42638294732,0.002790424336027,116.53813412997988,115.47450535423988
2026-01-12,68291.82750711069,0.0007531223069123,116.977324566307,116.66834520452204
2026-01-13,68475.819635112,-0.0011651481131059,117.29248536461208,115.95485167881894
2026-01-14,68199.43747504686,-0.001220010196822,116.81906933779815,117.81757122559596
2026-01-15,68260.8064244538,6.277950662436638e-05,116.92418843879634,116.49996794277196
2026-01-16,68144.98012393569,0.0018724269337104,116.72578913914936,117.35966154668236
2026-01-19,68270.29947996532,0.002859041705465,116.94044912878276,117.93073767880952
2026-01-20,67594.59757322982,-0.0098974504562381,115.78303682720036,118.3075313046172
2026-01-21,67772.52450042867,0.0037165305084809,116.08780852056088,118.92412255543152
2026-01-22,68269.14761012454,0.0020252923590016,116.93847608666124,119.46921150758214
2026-01-23,68643.15239043758,-0.0014020870502832,117.57911026168716,119.20207476838056
2026-01-26,68920.49602861045,-0.0003117738425673,118.054173207917,120.09507511530872
2026-01-27,69358.5525032262,0.0077058447723203,118.80452176762076,120.39504064098617
2026-01-28,69604.2282698141,0.001731574181133,119.22534069918676,122.28647854797894
2026-01-29,69050.17213502528,-0.0082697795119898,118.2762958914402,121.4696644738248
2026-01-30,68240.42659492341,-0.0083198397474442,116.88927975322434,118.15995198038902
2026-02-02,67875.49318168817,1.4132595832938575e-05,116.26418395650308,118.15995198038902
2026-02-03,67788.17324550274,-0.0012864722168823,116.11461331402452,121.89377579727758
2026-02-04,67145.1084332996,-0.0074695640045721,115.01310521268655,120.13817313948418
2026-02-05,66056.34991140252,-0.0117958297451227,113.14816670336016,120.36120131782178
2026-02-06,66669.92145112682,0.0101043617414819,114.19915566890666,123.77196748011
2026-02-09,67613.36766403611,0.0055855761775351,115.81518818534283,124.99533138877852
2026-02-10,68072.05145573556,0.0004845261252452,116.60086935296638,124.57950919735184
2026-02-11,68191.29554560599,0.0027061461357911,116.80512299666826,125.15596575455032
2026-02-12,68420.72492038654,0.004073720729105,117.198113423465,123.9091273517254
2026-02-13,67970.25668831644,0.0015103386840729,116.42650471839428,124.94177294428673
2026-02-16,68069.11696758596,0.0001241680379076,116.5958428573337,124.72236357976615
2026-02-17,68273.01629357932,0.0029954748214298,116.94510276889622,124.37696487080868
2026-02-18,68464.1,0.0028114010517217,117.2724107581718,124.37696487080868
